-- phpMyAdmin SQL Dump
-- version 4.0.10.12
-- http://www.phpmyadmin.net
--
-- Client: 127.8.252.2:3306
-- Généré le: Dim 20 Novembre 2016 à 17:09
-- Version du serveur: 5.5.52
-- Version de PHP: 5.3.3

SET SQL_MODE = "NO_AUTO_VALUE_ON_ZERO";
SET time_zone = "+00:00";


/*!40101 SET @OLD_CHARACTER_SET_CLIENT=@@CHARACTER_SET_CLIENT */;
/*!40101 SET @OLD_CHARACTER_SET_RESULTS=@@CHARACTER_SET_RESULTS */;
/*!40101 SET @OLD_COLLATION_CONNECTION=@@COLLATION_CONNECTION */;
/*!40101 SET NAMES utf8 */;

--
-- Base de données: `bustracking`
--

-- --------------------------------------------------------

--
-- Structure de la table `arret`
--

CREATE TABLE IF NOT EXISTS `arret` (
  `id_arret` int(11) NOT NULL AUTO_INCREMENT,
  `nom_arret` varchar(50) COLLATE utf8_bin NOT NULL,
  `latitude_arret` double NOT NULL,
  `longitude_arret` double NOT NULL,
  PRIMARY KEY (`id_arret`),
  UNIQUE KEY `nom_arret` (`nom_arret`)
) ENGINE=InnoDB  DEFAULT CHARSET=utf8 COLLATE=utf8_bin AUTO_INCREMENT=85 ;

--
-- Contenu de la table `arret`
--

INSERT INTO `arret` (`id_arret`, `nom_arret`, `latitude_arret`, `longitude_arret`) VALUES
(25, 'arret15', 14.724030555556, -17.452938888889),
(26, 'arret14', 14.726844444444, -17.452511111111),
(27, 'arret13', 14.728283333333, -17.455605555556),
(28, 'arret20', 14.653113888889, -17.433569444444),
(29, 'arret22', 14.661683333333, -17.436919444444),
(30, 'Arret11', 14.723763888889, -17.457141666667),
(31, 'arret12', 14.726352777778, -17.456783333333),
(32, 'Terminus L5', 14.723552777778, -17.458808333333),
(33, 'arret17', 14.7176, -17.458180555556),
(34, 'arret16', 14.719725, -17.453563888889),
(35, 'arret18', 14.715294444444, -17.460230555556),
(36, 'arret19', 14.711419444444, -17.459955555556),
(37, 'arret110', 14.708611111111, -17.458855555556),
(38, 'arret111', 14.705877777778, -17.461330555556),
(39, 'arret112', 14.702044444444, -17.464733333333),
(40, 'arret113', 14.699686111111, -17.466830555556),
(41, 'arret114', 14.695991666667, -17.466602777778),
(42, 'arret115', 14.692683333333, -17.472063888889),
(43, 'arret116', 14.684605555556, -17.468777777778),
(44, 'arret117', 14.678352777778, -17.467938888889),
(45, 'arret118', 14.679027777778, -17.462077777778),
(46, 'arret120', 14.672033333333, -17.447425),
(47, 'arret119', 14.675308333333, -17.453347222222),
(48, 'arret121', 14.667375, -17.442283333333),
(49, 'arret122', 14.666822222222, -17.440247222222),
(50, 'arret24', 14.665647222222, -17.437255555556),
(51, 'arret123', 14.665358333333, -17.4362),
(52, 'arret124', 14.662444444444, -17.435291666667),
(53, 'arret125', 14.661977777778, -17.437072222222),
(54, 'arret21', 14.657844444444, -17.435430555556),
(55, 'arret27', 14.671822222222, -17.446944444444),
(56, 'arret23', 14.662702777778, -17.436213888889),
(57, 'arret25', 14.666308333333, -17.439575),
(58, 'arret26', 14.667452777778, -17.442727777778),
(59, 'arret213', 14.69595, -17.466533333333),
(60, 'arret28', 14.675855555556, -17.453680555556),
(61, 'arret29', 14.678747222222, -17.462622222222),
(62, 'arret210', 14.677544444444, -17.465813888889),
(63, 'arret211', 14.684097222222, -17.468436111111),
(64, 'arret212', 14.692455555556, -17.472580555556),
(65, 'arret214', 14.69815, -17.467119444444),
(66, 'arret215', 14.700497222222, -17.465994444444),
(67, 'arret216', 14.702775, -17.46395),
(68, 'arret218', 14.707977777778, -17.459316666667),
(69, 'arret217', 14.705488888889, -17.461527777778),
(70, 'arret219', 14.710725, -17.459294444444),
(71, 'arret223', 14.718344444444, -17.457425),
(72, 'arret221', 14.714308333333, -17.461033333333),
(73, 'arret220', 14.712658333333, -17.460975),
(74, 'arret19bis', 14.710913888889, -17.459552777778),
(75, 'arret222', 14.715688888889, -17.459755555556),
(76, 'arret224', 14.718880555556, -17.454625),
(77, 'arret227', 14.725255555556, -17.452752777778),
(78, 'arret226', 14.723122222222, -17.453013888889),
(79, 'arret225', 14.720894444444, -17.453375),
(80, 'arret228', 14.728108333333, -17.453158333333),
(81, 'arret229', 14.728419444444, -17.455422222222),
(82, 'arret230', 14.727311111111, -17.456638888889),
(83, 'arret231', 14.724586111111, -17.457025),
(84, 'arret126', 14.6579277, -17.4355388);

-- --------------------------------------------------------

--
-- Structure de la table `arretBus`
--

CREATE TABLE IF NOT EXISTS `arretBus` (
  `idArret` int(5) NOT NULL AUTO_INCREMENT,
  `nomArret` varchar(50) DEFAULT NULL,
  `latitudeArret` mediumtext NOT NULL,
  `longitudeArret` mediumtext NOT NULL,
  `vitesse` varchar(20) NOT NULL,
  `date` date NOT NULL,
  `heure` time NOT NULL,
  PRIMARY KEY (`idArret`),
  UNIQUE KEY `idArret` (`idArret`)
) ENGINE=MyISAM  DEFAULT CHARSET=latin1 AUTO_INCREMENT=10181 ;

--
-- Contenu de la table `arretBus`
--

INSERT INTO `arretBus` (`idArret`, `nomArret`, `latitudeArret`, `longitudeArret`, `vitesse`, `date`, `heure`) VALUES
(10020, 'arret15', '144326.51N', '0172710.58W', '0Km/h', '2015-12-24', '12:45:00'),
(10019, 'arret14', '144336.64N', '0172709.04W', '0Km/h', '2015-12-24', '12:43:00'),
(10018, 'arret13', '144341.82N', '0172720.18W', '0Km/h', '2015-12-24', '12:40:00'),
(10071, 'arret20', '143911.21N', '0172600.85W', '0Km/h', '2015-12-24', '15:56:00'),
(10078, 'arret22', '143942.06N', '0172612.91W', '0Km/h', '2015-12-24', '16:04:00'),
(10013, 'Arret11', '144325.55N', '0172725.71W', '0Km/h', '2015-12-24', '12:31:00'),
(10016, 'arret12', '144334.87N', '0172724.42W', '0Km/h', '2015-12-24', '12:36:00'),
(10012, 'Terminus L5', '144324.79N', '0172731.71W', '0Km/h', '2015-12-24', '12:29:00'),
(10024, 'arret17', '144303.36N', '0172729.45W', '0Km/h', '2015-12-24', '12:51:00'),
(10022, 'arret16', '144311.01N', '0172712.83W', '22Km/h', '2015-12-24', '12:47:00'),
(10026, 'arret18', '144255.06N', '0172736.83W', '0Km/h', '2015-12-24', '12:53:00'),
(10028, 'arret19', '144241.11N', '0172735.84W', '25Km/h', '2015-12-24', '12:55:00'),
(10030, 'arret110', '144231.00N', '0172731.88W', '0Km/h', '2015-12-24', '12:57:00'),
(10031, 'arret111', '144221.16N', '0172740.79W', '0Km/h', '2015-12-24', '12:59:00'),
(10033, 'arret112', '144207.36N', '0172753.04W', '0Km/h', '2015-12-24', '13:01:00'),
(10034, 'arret113', '144158.87N', '0172800.59W', '0Km/h', '2015-12-24', '15:15:00'),
(10035, 'arret114', '144145.57N', '0172759.77W', '0Km/h', '2015-12-24', '15:19:00'),
(10036, 'arret115', '144133.66N', '0172819.43W', '0Km/h', '2015-12-24', '15:21:00'),
(10039, 'arret116', '144104.58N', '0172807.60W', '0Km/h', '2015-12-24', '15:24:00'),
(10041, 'arret117', '144042.07N', '0172804.58W', '0Km/h', '2015-12-24', '15:26:00'),
(10044, 'arret118', '144044.50N', '0172743.48W', '0Km/h', '2015-12-24', '15:29:00'),
(10050, 'arret120', '144019.32N', '0172650.73W', '0Km/h', '2015-12-24', '15:35:00'),
(10047, 'arret119', '144031.11N', '0172712.05W', '0Km/h', '2015-12-24', '15:32:00'),
(10053, 'arret121', '144002.55N', '0172632.22W', '0Km/h', '2015-12-24', '15:38:00'),
(10056, 'arret122', '144000.56N', '0172624.89W', '0Km/h', '2015-12-24', '15:41:00'),
(10087, 'arret24', '143956.33N', '0172614.12W', '0Km/h', '2015-12-24', '16:13:00'),
(10059, 'arret123', '143955.29N', '0172610.32W', '0Km/h', '2015-12-24', '15:44:00'),
(10062, 'arret124', '143944.80N', '0172607.05W', '0Km/h', '2015-12-24', '15:47:00'),
(10065, 'arret125', '143943.12N', '0172613.46W', '0Km/h', '2015-12-24', '15:50:00'),
(10075, 'arret21', '143928.24N', '0172607.55W', '0Km/h', '2015-12-24', '16:01:00'),
(10095, 'arret27', '144018.56N', '0172649.00W', '0Km/h', '2015-12-24', '16:21:00'),
(10082, 'arret23', '143945.73N', '0172610.37W', '0Km/h', '2015-12-24', '16:08:00'),
(10089, 'arret25', '143958.71N', '0172622.47W', '0Km/h', '2015-12-24', '16:15:00'),
(10093, 'arret26', '144002.83N', '0172633.82W', '0Km/h', '2015-12-24', '16:19:00'),
(10116, 'arret213', '144145.42N', '0172759.52W', '0Km/h', '2015-12-24', '17:31:00'),
(10098, 'arret28', '144033.08N', '0172713.25W', '0Km/h', '2015-12-24', '16:24:00'),
(10101, 'arret29', '144043.49N', '0172745.44W', '0Km/h', '2015-12-24', '16:27:00'),
(10106, 'arret210', '144039.16N', '0172756.93W', '0Km/h', '2015-12-24', '16:32:00'),
(10109, 'arret211', '144102.75N', '0172806.37W', '0Km/h', '2015-12-24', '17:24:00'),
(10113, 'arret212', '144132.84N', '0172821.29W', '0Km/h', '2015-12-24', '17:28:00'),
(10118, 'arret214', '144153.34N', '0172801.63W', '0Km/h', '2015-12-24', '17:34:00'),
(10120, 'arret215', '144201.79N', '0172757.58W', '0Km/h', '2015-12-24', '17:36:00'),
(10122, 'arret216', '144209.99N', '0172750.22W', '0Km/h', '2015-12-24', '17:38:00'),
(10129, 'arret218', '144228.72N', '0172733.54W', '0Km/h', '2015-12-24', '17:45:00'),
(10125, 'arret217', '144219.76N', '0172741.50W', '0Km/h', '2015-12-24', '17:41:00'),
(10131, 'arret219', '144238.61N', '0172733.46W', '0Km/h', '2015-12-24', '17:47:00'),
(10153, 'arret223', '144306.04N', '0172726.73W', '0Km/h', '2015-12-24', '18:09:00'),
(10142, 'arret221', '144251.51N', '0172739.72W', '0Km/h', '2015-12-24', '17:58:00'),
(10140, 'arret220', '144245.57N', '0172739.51W', '0Km/h', '2015-12-24', '17:56:00'),
(10136, 'arret19bis', '144239.29N', '0172734.39W', '0Km/h', '2015-12-24', '17:52:00'),
(10147, 'arret222', '144256.48N', '0172735.12W', '0Km/h', '2015-12-24', '18:03:00'),
(10156, 'arret224', '144307.97N', '0172716.65W', '0Km/h', '2015-12-24', '18:12:00'),
(10166, 'arret227', '144330.92N', '0172709.91W', '0Km/h', '2015-12-24', '18:22:00'),
(10163, 'arret226', '144323.24N', '0172710.85W', '1Km/h', '2015-12-24', '18:19:00'),
(10161, 'arret225', '144315.22N', '0172712.15W', '0Km/h', '2015-12-24', '18:17:00'),
(10170, 'arret228', '144341.19N', '0172711.37W', '0Km/h', '2015-12-24', '18:26:00'),
(10172, 'arret229', '144342.31N', '0172719.52W', '0Km/h', '2015-12-24', '18:28:00'),
(10178, 'arret230', '144338.32N', '0172723.90W', '0Km/h', '2015-12-24', '18:34:00'),
(10180, 'arret231', '144328.51N', '0172725.29W', '0Km/h', '2015-12-24', '18:36:00');

-- --------------------------------------------------------

--
-- Structure de la table `arretLigne`
--

CREATE TABLE IF NOT EXISTS `arretLigne` (
  `id_arretligne` int(11) NOT NULL AUTO_INCREMENT,
  `id_arret` int(11) NOT NULL,
  `id_ligne` int(11) NOT NULL DEFAULT '1',
  `sens` enum('A','R') COLLATE utf8_bin NOT NULL DEFAULT 'A',
  `num_arretDansLigne` int(11) NOT NULL,
  `distance_tonext` double NOT NULL DEFAULT '0',
  PRIMARY KEY (`id_arretligne`)
) ENGINE=InnoDB  DEFAULT CHARSET=utf8 COLLATE=utf8_bin AUTO_INCREMENT=63 ;

--
-- Contenu de la table `arretLigne`
--

INSERT INTO `arretLigne` (`id_arretligne`, `id_arret`, `id_ligne`, `sens`, `num_arretDansLigne`, `distance_tonext`) VALUES
(3, 25, 1, 'A', 5, 490),
(4, 26, 1, 'A', 4, 290),
(5, 27, 1, 'A', 3, 480),
(6, 30, 1, 'A', 1, 290),
(7, 32, 1, 'A', 0, 210),
(8, 31, 1, 'A', 2, 310),
(9, 33, 1, 'A', 7, 340),
(10, 34, 1, 'A', 6, 650),
(11, 35, 1, 'A', 8, 630),
(12, 36, 1, 'A', 9, 330),
(13, 37, 1, 'A', 10, 400),
(14, 38, 1, 'A', 11, 560),
(15, 39, 1, 'A', 12, 350),
(16, 40, 1, 'A', 13, 700),
(17, 41, 1, 'A', 14, 720),
(18, 42, 1, 'A', 15, 1300),
(19, 43, 1, 'A', 16, 690),
(20, 44, 1, 'A', 17, 750),
(21, 45, 1, 'A', 18, 1350),
(22, 46, 1, 'A', 20, 900),
(23, 47, 1, 'A', 19, 760),
(24, 48, 1, 'A', 21, 220),
(25, 49, 1, 'A', 22, 460),
(26, 51, 1, 'A', 23, 640),
(27, 52, 1, 'A', 24, 400),
(28, 53, 1, 'A', 25, 480),
(29, 74, 1, 'A', -1, 0),
(30, 28, 1, 'R', 0, 650),
(31, 29, 1, 'R', 2, 300),
(32, 50, 1, 'R', 4, 260),
(33, 54, 1, 'R', 1, 400),
(34, 55, 1, 'R', 7, 900),
(35, 56, 1, 'R', 3, 860),
(36, 57, 1, 'R', 5, 360),
(37, 58, 1, 'R', 6, 660),
(38, 59, 1, 'R', 13, 300),
(39, 60, 1, 'R', 8, 1350),
(40, 61, 1, 'R', 9, 440),
(41, 62, 1, 'R', 10, 900),
(42, 63, 1, 'R', 11, 1300),
(43, 64, 1, 'R', 12, 800),
(44, 65, 1, 'R', 14, 320),
(45, 66, 1, 'R', 15, 340),
(46, 67, 1, 'R', 16, 400),
(47, 68, 1, 'R', 18, 390),
(48, 69, 1, 'R', 17, 370),
(49, 70, 1, 'R', 19, 280),
(50, 71, 1, 'R', 23, 410),
(51, 72, 1, 'R', 21, 210),
(52, 73, 1, 'R', 20, 250),
(53, 75, 1, 'R', 22, 390),
(54, 76, 1, 'R', 24, 340),
(55, 77, 1, 'R', 27, 380),
(56, 78, 1, 'R', 26, 240),
(57, 79, 1, 'R', 25, 250),
(58, 80, 1, 'R', 28, 240),
(59, 81, 1, 'R', 29, 600),
(60, 82, 1, 'R', 30, 300),
(61, 83, 1, 'R', 31, 320),
(62, 84, 1, 'A', 26, 570);

-- --------------------------------------------------------

--
-- Structure de la table `bus`
--

CREATE TABLE IF NOT EXISTS `bus` (
  `id_bus` int(11) NOT NULL AUTO_INCREMENT,
  `matricule_bus` varchar(50) COLLATE utf8_bin NOT NULL,
  `nom_ligne` varchar(50) COLLATE utf8_bin NOT NULL,
  `position_courant` int(11) NOT NULL,
  `sens_bus` enum('A','R') COLLATE utf8_bin NOT NULL DEFAULT 'A',
  `toterminus` double DEFAULT NULL,
  PRIMARY KEY (`id_bus`),
  UNIQUE KEY `matricule_bus` (`matricule_bus`)
) ENGINE=InnoDB  DEFAULT CHARSET=utf8 COLLATE=utf8_bin AUTO_INCREMENT=2 ;

--
-- Contenu de la table `bus`
--

INSERT INTO `bus` (`id_bus`, `matricule_bus`, `nom_ligne`, `position_courant`, `sens_bus`, `toterminus`) VALUES
(1, '50111dk', '10', 86, 'A', 11250);

-- --------------------------------------------------------

--
-- Structure de la table `ligne`
--

CREATE TABLE IF NOT EXISTS `ligne` (
  `id_ligne` int(11) NOT NULL AUTO_INCREMENT,
  `nom_ligne` varchar(10) COLLATE utf8_bin NOT NULL,
  `terminus1` varchar(11) COLLATE utf8_bin NOT NULL,
  `terminus2` varchar(11) COLLATE utf8_bin NOT NULL,
  PRIMARY KEY (`id_ligne`),
  UNIQUE KEY `nom_ligne` (`nom_ligne`)
) ENGINE=InnoDB  DEFAULT CHARSET=utf8 COLLATE=utf8_bin AUTO_INCREMENT=2 ;

--
-- Contenu de la table `ligne`
--

INSERT INTO `ligne` (`id_ligne`, `nom_ligne`, `terminus1`, `terminus2`) VALUES
(1, '10', 'arret11', 'arret16');

-- --------------------------------------------------------

--
-- Structure de la table `position`
--

CREATE TABLE IF NOT EXISTS `position` (
  `id_position` int(11) NOT NULL AUTO_INCREMENT,
  `latitude` varchar(50) COLLATE utf8_bin NOT NULL,
  `longitude` varchar(50) COLLATE utf8_bin NOT NULL,
  `altitude` varchar(50) COLLATE utf8_bin NOT NULL,
  PRIMARY KEY (`id_position`)
) ENGINE=InnoDB DEFAULT CHARSET=utf8 COLLATE=utf8_bin AUTO_INCREMENT=1 ;

-- --------------------------------------------------------

--
-- Structure de la table `positionBus`
--

CREATE TABLE IF NOT EXISTS `positionBus` (
  `id_positionBus` int(11) NOT NULL AUTO_INCREMENT,
  `id_bus` int(11) NOT NULL,
  `latitude` double NOT NULL,
  `longitude` double NOT NULL,
  `altitude` double NOT NULL,
  `vitesse` double NOT NULL,
  `ladate` date NOT NULL,
  `heure` time NOT NULL,
  PRIMARY KEY (`id_positionBus`)
) ENGINE=InnoDB  DEFAULT CHARSET=utf8 COLLATE=utf8_bin AUTO_INCREMENT=87 ;

--
-- Contenu de la table `positionBus`
--

INSERT INTO `positionBus` (`id_positionBus`, `id_bus`, `latitude`, `longitude`, `altitude`, `vitesse`, `ladate`, `heure`) VALUES
(1, 1, 14.682293, -17.467163, 0, 0.01852, '2016-11-18', '11:36:47'),
(2, 1, 14.682293, -17.467163, 28.7, 0.01852, '2016-11-18', '11:36:53'),
(3, 1, 14.683775, -17.468482, 14.9, 40.706958, '2016-11-18', '11:52:22'),
(4, 1, 14.682848, -17.4685, 15.6, 51.800437, '2016-11-18', '11:52:30'),
(5, 1, 14.681893, -17.468711, 16.8, 57.467559, '2016-11-18', '11:52:37'),
(6, 1, 14.680847, -17.46882, 17.3, 62.949478, '2016-11-18', '11:52:44'),
(7, 1, 14.679888, -17.46857, 16.6, 67.931365, '2016-11-18', '11:52:50'),
(8, 1, 14.678375, -17.467924, 15.2, 37.558559, '2016-11-18', '11:53:07'),
(9, 1, 14.677674, -17.467155, 14.8, 50.93, '2016-11-18', '11:53:16'),
(10, 1, 14.677455, -17.466222, 14.8, 56.152641, '2016-11-18', '11:53:23'),
(11, 1, 14.677434, -17.464525, 14.5, 36.521438, '2016-11-18', '11:53:41'),
(12, 1, 14.677645, -17.463579, 14.9, 42.596, '2016-11-18', '11:53:51'),
(13, 1, 14.678275, -17.462835, 14.7, 48.429798, '2016-11-18', '11:53:59'),
(14, 1, 14.679455, -17.461414, 13.5, 49.115039, '2016-11-18', '11:54:20'),
(15, 1, 14.679463, -17.460447, 12.2, 55.967441, '2016-11-18', '11:54:27'),
(16, 1, 14.678914, -17.459508, 7.9, 69.301841, '2016-11-18', '11:54:34'),
(17, 1, 14.677294, -17.457645, 3.4, 69.598159, '2016-11-18', '11:54:48'),
(18, 1, 14.676631, -17.456756, 3.4, 69.22776, '2016-11-18', '11:54:52'),
(19, 1, 14.676375, -17.455755, 14.2, 67.727638, '2016-11-18', '11:54:58'),
(20, 1, 14.676372, -17.454727, 15.4, 56.560077, '2016-11-18', '11:55:04'),
(21, 1, 14.675927, -17.453832, 14.7, 38.41048, '2016-11-18', '11:55:13'),
(22, 1, 14.674845, -17.452907, 15.1, 45.244361, '2016-11-18', '11:55:29'),
(23, 1, 14.674288, -17.452047, 15.6, 55.578521, '2016-11-18', '11:55:37'),
(24, 1, 14.673895, -17.451066, 16, 60.0974, '2016-11-18', '11:55:44'),
(25, 1, 14.673503, -17.450153, 13.6, 70.672317, '2016-11-18', '11:55:50'),
(26, 1, 14.67302, -17.449172, 13.3, 67.894317, '2016-11-18', '11:55:56'),
(27, 1, 14.672548, -17.448246, 16.7, 68.357322, '2016-11-18', '11:56:02'),
(28, 1, 14.671689, -17.447004, 16.5, 38.854961, '2016-11-18', '11:56:17'),
(29, 1, 14.671041, -17.446327, 16.7, 52.615322, '2016-11-18', '11:56:25'),
(30, 1, 14.668462, -17.443962, 16.8, 57.097156, '2016-11-18', '11:56:48'),
(31, 1, 14.667526, -17.44279, 26.8, 39.79948, '2016-11-18', '11:57:04'),
(32, 1, 14.663294, -17.434072, 41.8, 39.41056, '2016-11-18', '12:03:29'),
(33, 1, 14.659571, -17.436178, 47.9, 18.20516, '2016-11-18', '12:07:20'),
(34, 1, 14.655431, -17.434505, 37.8, 41.262557, '2016-11-18', '12:14:32'),
(35, 1, 14.658413, -17.435668, 43.5, 36.539962, '2016-11-18', '12:15:15'),
(36, 1, 14.659326, -17.436021, 47.5, 41.98484, '2016-11-18', '12:15:25'),
(37, 1, 14.660278, -17.436397, 47, 43.225677, '2016-11-18', '12:15:34'),
(38, 1, 14.66133, -17.436798, 42.7, 39.077198, '2016-11-18', '12:15:45'),
(39, 1, 14.667168, -17.441404, 50.4, 39.743919, '2016-11-18', '12:26:07'),
(40, 1, 14.668367, -17.443609, 34.9, 41.910762, '2016-11-18', '12:27:13'),
(41, 1, 14.670529, -17.445661, 29.6, 47.318599, '2016-11-18', '12:27:38'),
(42, 1, 14.671243, -17.446411, 22.3, 43.207157, '2016-11-18', '12:27:47'),
(43, 1, 14.672378, -17.447727, 22.9, 43.707202, '2016-11-18', '12:28:07'),
(44, 1, 14.672863, -17.448646, 22.1, 56.782318, '2016-11-18', '12:28:15'),
(45, 1, 14.673367, -17.449628, 18.1, 67.820236, '2016-11-18', '12:28:22'),
(46, 1, 14.673794, -17.450605, 14.7, 67.301681, '2016-11-18', '12:28:28'),
(47, 1, 14.674173, -17.451589, 16.4, 69.190719, '2016-11-18', '12:28:34'),
(48, 1, 14.674549, -17.452468, 16, 51.15224, '2016-11-18', '12:28:40'),
(49, 1, 14.675212, -17.453149, 15.9, 40.318038, '2016-11-18', '12:28:48'),
(50, 1, 14.676253, -17.454093, 15.5, 45.76292, '2016-11-18', '12:29:04'),
(51, 1, 14.676436, -17.455108, 15.5, 54.208042, '2016-11-18', '12:29:12'),
(52, 1, 14.676484, -17.456068, 15.2, 49.207641, '2016-11-18', '12:29:19'),
(53, 1, 14.676864, -17.456966, 12.7, 62.393882, '2016-11-18', '12:29:26'),
(54, 1, 14.677563, -17.457738, 5.3, 73.968879, '2016-11-18', '12:29:32'),
(55, 1, 14.678652, -17.462631, 2.2, 38.151199, '2016-11-18', '12:30:15'),
(56, 1, 14.677927, -17.463376, 18.2, 50.078079, '2016-11-18', '12:30:24'),
(57, 1, 14.677596, -17.464256, 17.7, 45.540679, '2016-11-18', '12:30:31'),
(58, 1, 14.677556, -17.465703, 17.8, 47.9668, '2016-11-18', '12:30:46'),
(59, 1, 14.677643, -17.466785, 17.7, 55.467403, '2016-11-18', '12:30:54'),
(60, 1, 14.678207, -17.467657, 17.5, 61.041919, '2016-11-18', '12:31:01'),
(61, 1, 14.67903, -17.468118, 18.3, 63.949562, '2016-11-18', '12:31:07'),
(62, 1, 14.682622, -17.468454, 19.2, 69.487037, '2016-11-18', '12:31:29'),
(63, 1, 14.683604, -17.46833, 19, 58.171318, '2016-11-18', '12:31:35'),
(64, 1, 14.686821, -17.469438, 17.7, 53.11536, '2016-11-18', '12:32:10'),
(65, 1, 14.687489, -17.470106, 19.9, 55.245162, '2016-11-18', '12:32:17'),
(66, 1, 14.687816, -17.471019, 20.6, 46.744476, '2016-11-18', '12:32:24'),
(67, 1, 14.688837, -17.472782, 23.1, 46.337039, '2016-11-18', '12:32:48'),
(68, 1, 14.690718, -17.473743, 24.4, 37.558559, '2016-11-18', '12:33:20'),
(69, 1, 14.692321, -17.472959, 26.2, 36.61404, '2016-11-18', '12:33:51'),
(70, 1, 14.693905, -17.468507, 25.9, 40.20692, '2016-11-18', '12:35:03'),
(71, 1, 14.694552, -17.467771, 26.9, 45.299922, '2016-11-18', '12:35:12'),
(72, 1, 14.699846, -17.466573, 27.3, 39.910598, '2016-11-18', '12:36:53'),
(73, 1, 14.700572, -17.465929, 27.4, 38.00304, '2016-11-18', '12:37:02'),
(74, 1, 14.70232, -17.464355, 26.7, 40.1884, '2016-11-18', '12:37:28'),
(75, 1, 14.703089, -17.46367, 26.8, 37.00296, '2016-11-18', '12:37:38'),
(76, 1, 14.708277, -17.459072, 30.6, 39.20684, '2016-11-18', '12:40:08'),
(77, 1, 14.709895, -17.458639, 31.2, 35.79916, '2016-11-18', '12:40:39'),
(78, 1, 14.721085, -17.454362, 0, 24.76124, '2016-11-18', '13:03:25'),
(79, 1, 14.720389, -17.453508, 38.7, 14.5382, '2016-11-18', '13:03:31'),
(80, 1, 14.717623, -17.453886, 37.6, 0, '0000-00-00', '13:06:26'),
(81, 1, 14.717309, -17.453945, 37.5, 16.92728, '2016-11-18', '13:06:32'),
(82, 1, 14.711466, -17.45976, 0, 19.09412, '2016-11-18', '13:11:07'),
(83, 1, 14.71127, -17.459825, 32.4, 17.445838, '2016-11-18', '13:11:13'),
(84, 1, 14.710421, -17.459123, 31.6, 36.873321, '2016-11-18', '13:11:30'),
(85, 1, 14.709541, -17.458375, 30.7, 30.002399, '2016-11-18', '13:11:42'),
(86, 1, 14.7086, -17.458843, 29.7, 38.762359, '2016-11-18', '13:12:03');

-- --------------------------------------------------------

--
-- Structure de la table `smsRecv`
--

CREATE TABLE IF NOT EXISTS `smsRecv` (
  `id_sms` int(11) NOT NULL AUTO_INCREMENT,
  `contenu` text COLLATE utf8_bin NOT NULL,
  `emetteur` varchar(15) COLLATE utf8_bin NOT NULL,
  `ladate` date NOT NULL,
  `heure` time NOT NULL,
  `archive` enum('Y','N') COLLATE utf8_bin NOT NULL DEFAULT 'N',
  PRIMARY KEY (`id_sms`)
) ENGINE=InnoDB  DEFAULT CHARSET=utf8 COLLATE=utf8_bin AUTO_INCREMENT=502 ;

--
-- Contenu de la table `smsRecv`
--

INSERT INTO `smsRecv` (`id_sms`, `contenu`, `emetteur`, `ladate`, `heure`, `archive`) VALUES
(10, 'bus 10111dk ligne 10 14.681335 -17.466865 16.8000 0.537080 2 11495500 260416 N', '+221771006614', '2016-04-26', '11:50:03', 'Y'),
(11, 'bus 10111dk ligne 10 14.681321 -17.466815 15.6000 4.074400 2 11501000 260416 N', '+221771006614', '2016-04-26', '11:50:18', 'Y'),
(12, 'bus 10111dk ligne 10 14.681316 -17.466796 17.6000 1.555680 2 11501700 260416', '+221771006614', '2016-04-26', '11:50:33', 'Y'),
(13, 'bus 10111dk ligne 10 14.681330 -17.466775 16.4000 2.037200 2 11502200 260416', '+221771006614', '2016-04-26', '11:50:33', 'Y'),
(14, '10111dk ligne 10 14.681335 -17.466754 18.1000 1.666800 2 11503300 260416', '+221771006614', '2016-04-26', '11:50:48', ''),
(15, '10111dk ligne 10 14.681347 -17.466741 17.1000 2.092760 2 11503700 260416', '+221771006614', '2016-04-26', '11:50:48', ''),
(16, '10111dk ligne 10 14.681370 -17.466707 17.7000 1.629760 2 11504500 260416', '+221771006614', '2016-04-26', '11:51:03', ''),
(17, 'bus 10111dk ligne 10 14.681330 -17.466775 16.4000 2.037200 2 11502200 260416', '', '2016-06-23', '22:26:10', 'N'),
(18, 'bus 10111dk ligne 10 14.681330 -17.466775 16.4000 2.037200 2 11502200 260416', '', '2016-06-23', '22:28:22', 'N'),
(19, '''bus 10111dk ligne 10 14.681330 -17.466775 16.4000 2.037200 2 11502200 260416''', '', '2016-06-25', '01:16:30', 'N'),
(20, '''bus 10111dk ligne 10 14.681330 -17.466775 16.4000 2.037200 2 11502200 260416''', '', '2016-06-25', '12:25:23', 'N'),
(21, '''bus 10111dk ligne 10 14.681330 -17.466775 16.4000 2.037200 2 11502200 260416''', '', '2016-06-25', '12:25:38', 'N'),
(22, '''bus 10111dk ligne 10 14.681330 -17.466775 16.4000 2.037200 2 11502200 260416''', '', '2016-06-25', '12:27:56', 'N'),
(23, '''bus 10111dk ligne 10 14.681330 -17.466775 16.4000 2.037200 2 11502200 260416''', '', '2016-06-25', '12:30:20', 'N'),
(24, '''bus lsllsls''', '', '2016-06-25', '12:36:01', 'N'),
(25, '''bus lsllsls''', '', '2016-06-25', '12:36:57', 'N'),
(26, '''bus lsllsls''', '', '2016-06-25', '12:37:32', 'N'),
(27, '''bus lsllsls''', '', '2016-06-25', '12:40:27', 'N'),
(28, '''bus lsllsls''', '', '2016-06-25', '12:41:44', 'N'),
(29, '''bus lsllsls''', '', '2016-06-25', '12:43:26', 'N'),
(30, '''bus lsllsls''', '', '2016-06-25', '12:46:35', 'N'),
(31, '''bus 10111dk ligne 10 14.681330 -17.466775 16.4000 2.037200 2 11502200 260416''', '773675372', '2016-06-25', '12:47:30', 'N'),
(32, 'bus 10111dk ligne 10 14.657844444444 -17.43543055555 16.4000 2.037200 2 11502200 260416', '', '2016-06-25', '14:38:11', 'N'),
(33, 'bus 10111dk ligne 10 14.657844444444 -17.43543055555 16.4000 2.037200 2 11502200 260416', '', '2016-06-25', '15:35:01', 'N'),
(34, '''bus 10111dk ligne 10 14.681330 -17.466775 16.4000 2.037200 2 11502200 260416''', '', '2016-06-25', '15:37:10', 'N'),
(35, '''bus 10111dk ligne 10 14.681330 -17.466775 16.4000 2.037200 2 11502200 260416''', '', '2016-06-25', '15:43:28', 'N'),
(276, 'Synchronisation du bus 783893435', '783893435', '2016-07-27', '19:34:43', 'N'),
(277, 'Synchronisation du bus 783893435', '783893435', '2016-07-27', '19:36:24', 'N'),
(278, 'bus 10111dk ligne 10 ????ce:192', '783893435', '2016-07-27', '19:36:30', 'N'),
(279, 'Synchronisation du bus 783893435', '783893435', '2016-07-27', '19:48:13', 'N'),
(280, 'bus 10111dk 10 6.000000 -17.466953 0.0000 0.481520 2 19485500 270716 783893435', '783893435', '2016-07-27', '19:48:56', 'N'),
(281, 'bus 10111dk 10 6.000000 -17.466953 0.0000 0.481520 2 19485500 270716 783893435', '783893435', '2016-07-27', '19:48:58', 'N'),
(282, 'Synchronisation du bus 783893435', '783893435', '2016-07-27', '19:53:44', 'N'),
(283, 'bus 10111dk 10 14.679970 -17.466955 0.0000 2.240920 2 19534600 270716 783893435', '783893435', '2016-07-27', '19:53:47', 'N'),
(284, 'bus 10111dk 10 14.679970 -17.466955 0.0000 2.240920 2 19534600 270716 783893435', '783893435', '2016-07-27', '19:53:49', 'N'),
(285, 'Synchronisation du bus 783893435', '783893435', '2016-07-27', '19:54:16', 'N'),
(286, 'bus 10111dk 10 14.680009 -17.466932 0.0000 0.388920 2 19541800 270716 783893435', '783893435', '2016-07-27', '19:54:19', 'N'),
(287, 'bus 10111dk 10 14.680009 -17.466932 0.0000 0.388920 2 19541800 270716 783893435', '783893435', '2016-07-27', '19:54:21', 'N'),
(288, 'bus 10111dk 10 14.680158 -17.466945 23.6000 2.000160 2 19551600 270716 783893435', '783893435', '2016-07-27', '19:55:18', 'N'),
(289, 'bus 10111dk 10 14.680143 -17.466945 23.6000 1.055640 2 19551900 270716 783893435', '783893435', '2016-07-27', '19:55:20', 'N'),
(290, 'bus 10111dk 10 14.680218 -17.466949 24.2000 1.537160 2 19554200 270716 783893435', '783893435', '2016-07-27', '19:55:43', 'N'),
(291, 'bus 10111dk 10 14.680230 -17.466949 24.2000 1.703840 2 19554400 270716 783893435', '783893435', '2016-07-27', '19:55:45', 'N'),
(292, 'bus 10111dk 10 14.680257 -17.466941 21.9000 1.574200 2 19555300 270716 783893435', '783893435', '2016-07-27', '19:55:54', 'N'),
(293, 'bus 10111dk 10 14.680113 -17.466947 24.0000 1.814960 2 19570500 270716 783893435', '783893435', '2016-07-27', '19:57:06', 'N'),
(294, 'bus 10111dk 10 14.680123 -17.466947 23.4000 1.185280 2 19571800 270716 783893435', '783893435', '2016-07-27', '19:57:19', 'N'),
(295, 'bus 10111dk 10 14.680112 -17.466947 23.4000 1.000080 2 19572000 270716 783893435', '783893435', '2016-07-27', '19:57:21', 'N'),
(296, 'bus 10111dk 10 14.680093 -17.466932 17.6000 1.685320 2 19575400 270716 783893435', '783893435', '2016-07-27', '19:57:56', 'N'),
(297, 'Synchronisation du bus 783893435', '783893435', '2016-07-27', '20:01:14', 'N'),
(298, 'bus 10111dk 10 14.679793 -17.466911 0.0000 0.222240 2 20011600 270716 783893435', '783893435', '2016-07-27', '20:01:17', 'N'),
(299, 'bus 10111dk 10 14.679793 -17.466911 0.0000 0.222240 2 20011600 270716 783893435', '783893435', '2016-07-27', '20:01:18', 'N'),
(300, 'Synchronisation du bus 783893435', '783893435', '2016-07-27', '20:05:42', 'N'),
(301, 'bus 10111dk 10 14.679905 -17.466938 0.0000 0.129640 2 20054400 270716 783893435', '783893435', '2016-07-27', '20:05:45', 'N'),
(302, 'bus 10111dk 10 14.679905 -17.466938 0.0000 0.129640 2 20054400 270716 783893435', '783893435', '2016-07-27', '20:05:47', 'N'),
(303, 'Synchronisation du bus 783893435', '783893435', '2016-07-27', '20:11:28', 'N'),
(304, 'bus 10111dk 10 14.679849 -17.466936 0.0000 0.425960 2 20113100 270716 783893435', '783893435', '2016-07-27', '20:11:32', 'N'),
(305, 'bus 10111dk 10 14.679849 -17.466936 0.0000 0.425960 2 20113100 270716 783893435', '783893435', '2016-07-27', '20:11:34', 'N'),
(306, 'Synchronisation du bus 783893435', '783893435', '2016-07-27', '20:19:06', 'N'),
(307, 'bus 10111dk ligne 10 14.680002 -17.466909 0.0000 2.852080 2 20190800 270716 783893435', '783893435', '2016-07-27', '20:19:09', 'N'),
(308, 'bus 10111dk ligne 10 14.680002 -17.466909 0.0000 2.852080 2 20190800 270716 783893435', '783893435', '2016-07-27', '20:19:11', 'N'),
(309, 'Synchronisation du bus 783893435', '783893435', '2016-07-27', '20:19:23', 'N'),
(310, 'bus 10111dk ligne 10 14.679995 -17.466905 0.0000 2.611320 2 20192600 270716 783893435', '783893435', '2016-07-27', '20:19:27', 'N'),
(311, 'bus 10111dk ligne 10 14.679995 -17.466905 0.0000 2.611320 2 20192600 270716 783893435', '783893435', '2016-07-27', '20:19:28', 'N'),
(312, 'Synchronisation du bus 783893435', '783893435', '2016-08-02', '17:54:46', 'N'),
(313, 'Synchronisation du bus 783893435', '783893435', '2016-08-02', '17:55:18', 'N'),
(314, 'Synchronisation du bus 783893435', '783893435', '2016-08-02', '17:58:37', 'N'),
(315, 'Synchronisation du bus 783893435', '783893435', '2016-08-02', '18:03:53', 'N'),
(316, 'Synchronisation du bus 783893435', '783893435', '2016-08-02', '18:12:00', 'N'),
(317, 'Synchronisation du bus 783893435', '783893435', '2016-08-02', '18:16:20', 'N'),
(318, 'Synchronisation du bus 783893435', '783893435', '2016-08-02', '18:19:24', 'N'),
(319, 'Synchronisation du bus 783893435', '783893435', '2016-08-02', '18:21:47', 'N'),
(320, 'Synchronisation du bus 783893435', '783893435', '2016-08-02', '18:22:01', 'N'),
(321, 'Synchronisation du bus 783893435', '783893435', '2016-08-02', '18:23:05', 'N'),
(322, 'Synchronisation du bus 783893435', '783893435', '2016-08-02', '18:26:02', 'N'),
(323, 'Synchronisation du bus 783893435', '783893435', '2016-08-02', '18:26:51', 'N'),
(324, 'Synchronisation du bus 783893435', '783893435', '2016-08-02', '18:29:15', 'N'),
(325, 'Synchronisation du bus 783893435', '783893435', '2016-08-02', '18:31:09', 'N'),
(326, 'Synchronisation du bus 783893435', '783893435', '2016-08-02', '18:34:36', 'N'),
(327, 'Synchronisation du bus 783893435', '783893435', '2016-08-02', '18:34:57', 'N'),
(328, 'Synchronisation du bus 783893435', '783893435', '2016-08-02', '19:01:20', 'N'),
(329, 'bus 10111dk ligne 10 14.681540 -17.467227 0.0000 9.519280 2 19012300 20816 783893435', '783893435', '2016-08-02', '19:01:24', 'N'),
(330, 'bus 10111dk ligne 10 14.681540 -17.467227 0.0000 9.519280 2 19012300 20816 783893435', '783893435', '2016-08-02', '19:01:26', 'N'),
(331, 'bus 10111dk ligne 10 14.682461 -17.467639 19.5000 12.334321 2 19022600 20816 783893435', '783893435', '2016-08-02', '19:02:28', 'N'),
(332, 'bus 10111dk ligne 10 14.684031 -17.468402 19.5000 0.111120 2 19034300 20816 783893435', '783893435', '2016-08-02', '19:03:46', 'N'),
(333, 'bus 10111dk ligne 10 14.684535 -17.468687 19.5000 33.595279 2 19172800 2014 783893435', '783893435', '2016-08-02', '19:17:29', 'N'),
(334, 'bus 10111dk ligne 10 14.677477 -17.465230 19.5000 30.298721 2 19185600 2081 783893435', '783893435', '2016-08-02', '19:18:57', 'N'),
(335, 'bus 10111dk ligne 10 14.675259 -17.453302 19.5000 0.018520 2 19211600 20816 783893435', '783893435', '2016-08-02', '19:21:17', 'N'),
(336, 'bus 10111dk ligne 10 14.674792 -17.452861 19.5000 34.854640 2 19213100 208 783893435', '783893435', '2016-08-02', '19:21:32', 'N'),
(337, 'bus 10111dk ligne 10 14.673757 -17.450725 19.5000 28.520801 2 19221100 20863 783893435', '783893435', '2016-08-02', '19:22:14', 'N'),
(338, 'bus 10111dk ligne 10 14.669675 -17.444797 19.5000 59.449199 2 19240600 20867 783893435', '783893435', '2016-08-02', '19:24:07', 'N'),
(339, 'bus 10111dk ligne 10 14.670014 -17.445119 19.5000 63.690277 2 19240900 20816 783893435', '783893435', '2016-08-02', '19:24:10', 'N'),
(340, 'bus 10111dk ligne 10 14.673999 -17.451025 19.5000 0.000000 2 19251100 20816 783893435', '783893435', '2016-08-02', '19:25:12', 'N'),
(341, 'Synchronisation du bus 783893435', '783893435', '2016-11-16', '13:25:24', 'N'),
(342, 'bus 10111dk ligne 10 14.679957 -17.466800 58.1000 0.000000 2 13252600 0 783893435', '783893435', '2016-11-16', '13:25:27', 'N'),
(343, 'bus 10111dk ligne 10 14.679957 -17.466800 58.1000 0.000000 2 13252600 0 783893435', '783893435', '2016-11-16', '13:25:29', 'N'),
(344, 'Synchronisation du bus 783893435', '783893435', '2016-11-16', '13:25:54', 'N'),
(345, 'bus 10111dk ligne 10 14.679970 -17.466800 0.0000 0.148160 2 13255600 161116 783893435', '783893435', '2016-11-16', '13:26:03', 'N'),
(346, 'bus 10111dk ligne 10 14.679970 -17.466800 0.0000 0.148160 2 13255600 161116 783893435', '783893435', '2016-11-16', '13:26:03', 'N'),
(347, 'Synchronisation du bus 783893435', '783893435', '2016-11-16', '13:29:02', 'N'),
(348, 'bus 10111dk ligne 10 14.679807 -17.466835 0.0000 0.148160 2 13290500 161116 783893435', '783893435', '2016-11-16', '13:29:06', 'N'),
(349, 'Synchronisation du bus 783893435', '783893435', '2016-11-16', '13:29:24', 'N'),
(350, 'bus 10111dk ligne 10 14.679768 -17.466823 0.0000 0.777840 2 13292700 161116 783893435', '783893435', '2016-11-16', '13:29:28', 'N'),
(351, 'bus 10111dk ligne 10 14.679768 -17.466823 0.0000 0.777840 2 13292700 161116 783893435', '783893435', '2016-11-16', '13:29:30', 'N'),
(352, 'Synchronisation du bus 783893435', '783893435', '2016-11-16', '13:31:53', 'N'),
(353, 'bus 10111dk ligne 10 14.679711 -17.466766 0.0000 0.037040 2 13315600 161116 783893435', '783893435', '2016-11-16', '13:31:57', 'N'),
(354, 'Synchronisation du bus 783893435', '783893435', '2016-11-16', '13:32:10', 'N'),
(355, 'bus 10111dk ligne 10 14.679707 -17.466768 21.1000 0.000000 2 13321200 0 783893435', '783893435', '2016-11-16', '13:32:13', 'N'),
(356, 'bus 10111dk ligne 10 14.679707 -17.466768 21.1000 0.000000 2 13321200 0 783893435', '783893435', '2016-11-16', '13:32:17', 'N'),
(357, 'Synchronisation du bus 783893435', '783893435', '2016-11-16', '13:42:37', 'N'),
(358, 'Synchronisation du bus 783893435', '783893435', '2016-11-16', '13:44:30', 'N'),
(359, 'bus 10111dk ligne 10 14.679705 -17.466812 0.0000 0.055560 2 13443300 161116 783893435', '783893435', '2016-11-16', '13:44:34', 'N'),
(360, 'bus 10111dk ligne 10 14.679705 -17.466812 0.0000 0.055560 2 13443300 161116 783893435', '783893435', '2016-11-16', '13:44:35', 'N'),
(361, 'Synchronisation du bus 783893435', '783893435', '2016-11-16', '16:42:52', 'N'),
(362, 'Synchronisation du bus 783893435', '783893435', '2016-11-16', '17:19:31', 'N'),
(363, 'Synchronisation du bus 783893435', '783893435', '2016-11-16', '17:19:45', 'N'),
(364, 'Synchronisation du bus 783893435', '783893435', '2016-11-16', '17:21:39', 'N'),
(365, 'Synchronisation du bus 783893435', '783893435', '2016-11-16', '17:24:34', 'N'),
(366, 'Synchronisation du bus 783893435', '783893435', '2016-11-16', '17:25:15', 'N'),
(367, 'bus 10111dk ligne 10 14.680296 -17.467079 0.0000 1.463080 2 17253100 161116 783893435', '783893435', '2016-11-16', '17:25:30', 'N'),
(368, 'bus 10111dk ligne 10 14.680296 -17.467079 0.0000 1.463080 2 17253100 161116 783893435', '783893435', '2016-11-16', '17:25:31', 'N'),
(369, 'Synchronisation du bus 783893435', '783893435', '2016-11-16', '17:26:47', 'N'),
(370, 'bus 20111dk ligne 10 14.679659 -17.466773 0.0000 1.852000 2 17265200 161116 783893435', '783893435', '2016-11-16', '17:26:52', 'N'),
(371, 'bus 20111dk ligne 10 14.679659 -17.466773 0.0000 1.852000 2 17265200 161116 783893435', '783893435', '2016-11-16', '17:26:53', 'N'),
(372, 'Synchronisation du bus 783893435', '783893435', '2016-11-16', '17:34:28', 'N'),
(373, 'bus 20111dk ligne 10 14.679889 -17.466833 0.0000 0.722280 2 17345900 161116 783893435', '783893435', '2016-11-16', '17:34:58', 'N'),
(374, 'bus 20111dk ligne 10 14.679889 -17.466833 0.0000 0.722280 2 17345900 161116 783893435', '783893435', '2016-11-16', '17:34:59', 'N'),
(375, 'Synchronisation du bus 783893435', '783893435', '2016-11-16', '17:42:33', 'N'),
(376, 'bus 20111dk ligne 10 14.679620 -17.466779 0.0000 2.240920 2 17430300 161116 783893435', '783893435', '2016-11-16', '17:43:04', 'N'),
(377, 'bus 20111dk ligne 10 14.679620 -17.466779 0.0000 2.240920 2 17430300 161116 783893435', '783893435', '2016-11-16', '17:43:05', 'N'),
(378, 'Synchronisation du bus 783893435', '783893435', '2016-11-16', '17:43:13', 'N'),
(379, 'bus 20111dk ligne 10 14.679478 -17.466768 0.0000 1.777920 2 17431800 161116 783893435', '783893435', '2016-11-16', '17:43:17', 'N'),
(380, 'bus 20111dk ligne 10 14.679478 -17.466768 0.0000 1.777920 2 17431800 161116 783893435', '783893435', '2016-11-16', '17:43:18', 'N'),
(381, 'Synchronisation du bus 783893435', '783893435', '2016-11-16', '17:59:06', 'N'),
(382, 'Synchronisation du bus 783893435', '783893435', '2016-11-16', '17:59:22', 'N'),
(383, 'bus 20111dk ligne 10 14.679166 -17.466777 0.0000 2.277960 2 17593500 161116 783893435', '783893435', '2016-11-16', '17:59:34', 'N'),
(384, 'bus 20111dk ligne 10 14.679166 -17.466777 0.0000 2.277960 2 17593500 161116 783893435', '783893435', '2016-11-16', '17:59:35', 'N'),
(385, 'bus 20111dk ligne 10 14.679636 -17.466785 25.5000 0.370400 2 18003800 161116 783893435', '783893435', '2016-11-16', '18:00:37', 'N'),
(386, 'Synchronisation du bus 783893435', '783893435', '2016-11-16', '18:32:55', 'N'),
(387, 'Synchronisation du bus 783893435', '783893435', '2016-11-16', '18:33:51', 'N'),
(388, 'bus 20111dk ligne 10 14.679821 -17.466787 0.0000 3.055800 2 18335300 161116 783893435', '783893435', '2016-11-16', '18:33:54', 'N'),
(389, 'Synchronisation du bus 783893435', '783893435', '2016-11-16', '18:40:20', 'N'),
(390, 'bus 20111dk ligne 10 14.679674 -17.466810 0.0000 0.129640 2 18402200 161116 783893435', '783893435', '2016-11-16', '18:40:22', 'N'),
(391, 'Synchronisation du bus 783893435', '783893435', '2016-11-16', '18:40:50', 'N'),
(392, 'bus 30111dk ligne 10 14.679661 -17.466808 0.0000 0.222240 2 18405200 161116 783893435', '783893435', '2016-11-16', '18:40:53', 'N'),
(393, 'bus 30111dk ligne 10 14.679681 -17.466814 15.4000 0.129640 2 18415300 161116 783893435', '783893435', '2016-11-16', '18:41:54', 'N'),
(394, 'Synchronisation du bus 783893435', '783893435', '2016-11-16', '18:42:50', 'N'),
(395, 'bus 30111dk ligne 10 14.679686 -17.466804 0.0000 0.037040 2 18425200 161116 783893435', '783893435', '2016-11-16', '18:42:53', 'N'),
(396, 'bus 30111dk ligne 10 14.679636 -17.466821 4.6000 0.259280 2 18435300 161116 783893435', '783893435', '2016-11-16', '18:43:54', 'N'),
(397, 'bus 50111dk ligne 10 14.679626 -17.466817 0.0000 0.444480 2 18444100 161116 783893435', '783893435', '2016-11-16', '18:44:42', 'N'),
(398, 'bus 50111dk ligne 10 14.679567 -17.466812 3.1000 0.277800 2 18454200 161116 783893435', '783893435', '2016-11-16', '18:45:43', 'N'),
(399, 'Synchronisation du bus 783893435', '783893435', '2016-11-17', '23:08:00', 'N'),
(400, 'bus 50111dk ligne 10 14.679833 -17.466814 0.0000 6.333840 2 23085700 171116 783893435', '783893435', '2016-11-17', '23:08:56', 'N'),
(401, 'bus 50111dk ligne 10 14.679837 -17.466814 0.0000 2.074240 2 23085900 171116 783893435', '783893435', '2016-11-17', '23:08:58', 'N'),
(402, 'Synchronisation du bus 783893435', '783893435', '2016-11-17', '23:09:22', 'N'),
(403, 'bus 50111dk ligne 10 14.679833 -17.466783 31.5000 0.000000 2 23092600 0 783893435', '783893435', '2016-11-17', '23:09:24', 'N'),
(404, 'bus 50111dk ligne 10 14.679697 -17.466772 18.8000 0.870440 2 23102700 171116 783893435', '783893435', '2016-11-17', '23:10:26', 'N'),
(405, 'Synchronisation du bus 783893435', '783893435', '2016-11-17', '23:10:41', 'N'),
(406, 'bus 50111dk ligne 10 14.679696 -17.466773 0.0000 0.481520 2 23104500 171116 783893435', '783893435', '2016-11-17', '23:10:43', 'N'),
(407, 'bus 50111dk ligne 10 14.679700 -17.466791 22.6000 0.222240 2 23114600 171116 783893435', '783893435', '2016-11-17', '23:11:45', 'N'),
(408, 'Synchronisation du bus 783893435', '783893435', '2016-11-18', '10:05:31', 'N'),
(409, 'Synchronisation du bus 783893435', '783893435', '2016-11-18', '10:42:13', 'N'),
(410, 'Synchronisation du bus 783893435', '783893435', '2016-11-18', '11:22:42', 'N'),
(411, 'Synchronisation du bus 783893435', '783893435', '2016-11-18', '11:25:21', 'N'),
(412, 'Synchronisation du bus 783893435', '783893435', '2016-11-18', '11:33:10', 'N'),
(413, 'bus 50111dk ligne 10 14.682293 -17.467163 0.0000 0.018520 2 11364700 181116 783893435', '783893435', '2016-11-18', '11:36:48', 'N'),
(414, 'bus 50111dk ligne 10 14.682293 -17.467163 28.7000 0.018520 2 11365300 181116 783893435', '783893435', '2016-11-18', '11:36:54', 'N'),
(415, 'bus 50111dk ligne 10 14.683775 -17.468482 14.9000 40.706958 2 11522200 181116 783893435', '783893435', '2016-11-18', '11:52:29', 'N'),
(416, 'bus 50111dk ligne 10 14.682848 -17.468500 15.6000 51.800437 2 11523000 181116 783893435', '783893435', '2016-11-18', '11:52:31', 'N'),
(417, 'bus 50111dk ligne 10 14.681893 -17.468711 16.8000 57.467559 2 11523700 181116 783893435', '783893435', '2016-11-18', '11:52:38', 'N'),
(418, 'bus 50111dk ligne 10 14.680847 -17.468820 17.3000 62.949478 2 11524400 181116 783893435', '783893435', '2016-11-18', '11:52:46', 'N'),
(419, 'bus 50111dk ligne 10 14.679888 -17.468570 16.6000 67.931365 2 11525000 181116 783893435', '783893435', '2016-11-18', '11:52:51', 'N'),
(420, 'bus 50111dk ligne 10 14.678375 -17.467924 15.2000 37.558559 2 11530700 181116 783893435', '783893435', '2016-11-18', '11:53:08', 'N'),
(421, 'bus 50111dk ligne 10 14.677674 -17.467155 14.8000 50.930000 2 11531600 181116 783893435', '783893435', '2016-11-18', '11:53:17', 'N'),
(422, 'bus 50111dk ligne 10 14.677455 -17.466222 14.8000 56.152641 2 11532300 181116 783893435', '783893435', '2016-11-18', '11:53:25', 'N'),
(423, 'bus 50111dk ligne 10 14.677434 -17.464525 14.5000 36.521438 2 11534100 181116 783893435', '783893435', '2016-11-18', '11:53:42', 'N'),
(424, 'bus 50111dk ligne 10 14.677645 -17.463579 14.9000 42.596000 2 11535100 181116 783893435', '783893435', '2016-11-18', '11:53:52', 'N'),
(425, 'bus 50111dk ligne 10 14.678275 -17.462835 14.7000 48.429798 2 11535900 181116 783893435', '783893435', '2016-11-18', '11:54:00', 'N'),
(426, 'bus 50111dk ligne 10 14.679455 -17.461414 13.5000 49.115039 2 11542000 181116 783893435', '783893435', '2016-11-18', '11:54:21', 'N'),
(427, 'bus 50111dk ligne 10 14.679463 -17.460447 12.2000 55.967441 2 11542700 181116 783893435', '783893435', '2016-11-18', '11:54:28', 'N'),
(428, 'bus 50111dk ligne 10 14.678914 -17.459508 7.9000 69.301841 2 11543400 181116 783893435', '783893435', '2016-11-18', '11:54:35', 'N'),
(429, 'bus 50111dk ligne 10 14.677294 -17.457645 3.4000 69.598159 2 11544800 181116 783893435', '783893435', '2016-11-18', '11:54:50', 'N'),
(430, 'bus 50111dk ligne 10 14.676631 -17.456756 3.4000 69.227760 2 11545200 181116 783893435', '783893435', '2016-11-18', '11:54:53', 'N'),
(431, 'bus 50111dk ligne 10 14.676375 -17.455755 14.2000 67.727638 2 11545800 181116 783893435', '783893435', '2016-11-18', '11:54:59', 'N'),
(432, 'bus 50111dk ligne 10 14.676372 -17.454727 15.4000 56.560077 2 11550400 181116 783893435', '783893435', '2016-11-18', '11:55:05', 'N'),
(433, 'bus 50111dk ligne 10 14.675927 -17.453832 14.7000 38.410480 2 11551300 181116 783893435', '783893435', '2016-11-18', '11:55:14', 'N'),
(434, 'bus 50111dk ligne 10 14.674845 -17.452907 15.1000 45.244361 2 11552900 181116 783893435', '783893435', '2016-11-18', '11:55:30', 'N'),
(435, 'bus 50111dk ligne 10 14.674288 -17.452047 15.6000 55.578521 2 11553700 181116 783893435', '783893435', '2016-11-18', '11:55:38', 'N'),
(436, 'bus 50111dk ligne 10 14.673895 -17.451066 16.0000 60.097400 2 11554400 181116 783893435', '783893435', '2016-11-18', '11:55:45', 'N'),
(437, 'bus 50111dk ligne 10 14.673503 -17.450153 13.6000 70.672317 2 11555000 181116 783893435', '783893435', '2016-11-18', '11:55:51', 'N'),
(438, 'bus 50111dk ligne 10 14.673020 -17.449172 13.3000 67.894317 2 11555600 181116 783893435', '783893435', '2016-11-18', '11:55:57', 'N'),
(439, 'bus 50111dk ligne 10 14.672548 -17.448246 16.7000 68.357322 2 11560200 181116 783893435', '783893435', '2016-11-18', '11:56:04', 'N'),
(440, 'bus 50111dk ligne 10 14.671689 -17.447004 16.5000 38.854961 2 11561700 181116 783893435', '783893435', '2016-11-18', '11:56:18', 'N'),
(441, 'bus 50111dk ligne 10 14.671041 -17.446327 16.7000 52.615322 2 11562500 181116 783893435', '783893435', '2016-11-18', '11:56:26', 'N'),
(442, 'bus 50111dk ligne 10 14.668462 -17.443962 16.8000 57.097156 2 11564800 181116 783893435', '783893435', '2016-11-18', '11:56:49', 'N'),
(443, 'bus 50111dk ligne 10 14.667526 -17.442790 26.8000 39.799480 2 11570400 181116 783893435', '783893435', '2016-11-18', '11:57:05', 'N'),
(444, 'bus 50111dk ligne 10 14.663294 -17.434072 41.8000 39.410560 2 12032900 181116 783893435', '783893435', '2016-11-18', '12:03:30', 'N'),
(445, 'bus 50111dk ligne 10 14.659571 -17.436178 47.9000 18.205160 2 12072000 181116 783893435', '783893435', '2016-11-18', '12:07:21', 'N'),
(446, 'bus 50111dk ligne 10 14.655431 -17.434505 37.8000 41.262557 2 12143200 181116 783893435', '783893435', '2016-11-18', '12:14:34', 'N'),
(447, 'bus 50111dk ligne 10 14.658413 -17.435668 43.5000 36.539962 2 12151500 181116 783893435', '783893435', '2016-11-18', '12:15:19', 'N'),
(448, 'bus 50111dk ligne 10 14.659326 -17.436021 47.5000 41.984840 2 12152500 181116 783893435', '783893435', '2016-11-18', '12:15:26', 'N'),
(449, 'bus 50111dk ligne 10 14.660278 -17.436397 47.0000 43.225677 2 12153400 181116 783893435', '783893435', '2016-11-18', '12:15:35', 'N'),
(450, 'bus 50111dk ligne 10 14.661330 -17.436798 42.7000 39.077198 2 12154500 181116 783893435', '783893435', '2016-11-18', '12:15:47', 'N'),
(451, 'bus 50111dk ligne 10 14.667168 -17.441404 50.4000 39.743919 2 12260700 181116 783893435', '783893435', '2016-11-18', '12:26:09', 'N'),
(452, 'bus 50111dk ligne 10 14.668367 -17.443609 34.9000 41.910762 2 12271300 181116 783893435', '783893435', '2016-11-18', '12:27:15', 'N'),
(453, 'bus 50111dk ligne 10 14.670529 -17.445661 29.6000 47.318599 2 12273800 181116 783893435', '783893435', '2016-11-18', '12:27:45', 'N'),
(454, 'bus 50111dk ligne 10 14.671243 -17.446411 22.3000 43.207157 2 12274700 181116 783893435', '783893435', '2016-11-18', '12:27:48', 'N'),
(455, 'bus 50111dk ligne 10 14.672378 -17.447727 22.9000 43.707202 2 12280700 181116 783893435', '783893435', '2016-11-18', '12:28:09', 'N'),
(456, 'bus 50111dk ligne 10 14.672863 -17.448646 22.1000 56.782318 2 12281500 181116 783893435', '783893435', '2016-11-18', '12:28:16', 'N'),
(457, 'bus 50111dk ligne 10 14.673367 -17.449628 18.1000 67.820236 2 12282200 181116 783893435', '783893435', '2016-11-18', '12:28:23', 'N'),
(458, 'bus 50111dk ligne 10 14.673794 -17.450605 14.7000 67.301681 2 12282800 181116 783893435', '783893435', '2016-11-18', '12:28:29', 'N'),
(459, 'bus 50111dk ligne 10 14.674173 -17.451589 16.4000 69.190719 2 12283400 181116 783893435', '783893435', '2016-11-18', '12:28:35', 'N'),
(460, 'bus 50111dk ligne 10 14.674549 -17.452468 16.0000 51.152240 2 12284000 181116 783893435', '783893435', '2016-11-18', '12:28:41', 'N'),
(461, 'bus 50111dk ligne 10 14.675212 -17.453149 15.9000 40.318038 2 12284800 181116 783893435', '783893435', '2016-11-18', '12:28:51', 'N'),
(462, 'bus 50111dk ligne 10 14.676253 -17.454093 15.5000 45.762920 2 12290400 181116 783893435', '783893435', '2016-11-18', '12:29:06', 'N'),
(463, 'bus 50111dk ligne 10 14.676436 -17.455108 15.5000 54.208042 2 12291200 181116 783893435', '783893435', '2016-11-18', '12:29:13', 'N'),
(464, 'bus 50111dk ligne 10 14.676484 -17.456068 15.2000 49.207641 2 12291900 181116 783893435', '783893435', '2016-11-18', '12:29:20', 'N'),
(465, 'bus 50111dk ligne 10 14.676864 -17.456966 12.7000 62.393882 2 12292600 181116 783893435', '783893435', '2016-11-18', '12:29:27', 'N'),
(466, 'bus 50111dk ligne 10 14.677563 -17.457738 5.3000 73.968879 2 12293200 181116 783893435', '783893435', '2016-11-18', '12:29:33', 'N'),
(467, 'bus 50111dk ligne 10 14.678652 -17.462631 2.2000 38.151199 2 12301500 181116 783893435', '783893435', '2016-11-18', '12:30:17', 'N'),
(468, 'bus 50111dk ligne 10 14.677927 -17.463376 18.2000 50.078079 2 12302400 181116 783893435', '783893435', '2016-11-18', '12:30:26', 'N'),
(469, 'bus 50111dk ligne 10 14.677596 -17.464256 17.7000 45.540679 2 12303100 181116 783893435', '783893435', '2016-11-18', '12:30:32', 'N'),
(470, 'bus 50111dk ligne 10 14.677556 -17.465703 17.8000 47.966800 2 12304600 181116 783893435', '783893435', '2016-11-18', '12:30:47', 'N'),
(471, 'bus 50111dk ligne 10 14.677643 -17.466785 17.7000 55.467403 2 12305400 181116 783893435', '783893435', '2016-11-18', '12:30:56', 'N'),
(472, 'bus 50111dk ligne 10 14.678207 -17.467657 17.5000 61.041919 2 12310100 181116 783893435', '783893435', '2016-11-18', '12:31:10', 'N'),
(473, 'bus 50111dk ligne 10 14.679030 -17.468118 18.3000 63.949562 2 12310700 181116 783893435', '783893435', '2016-11-18', '12:31:10', 'N'),
(474, 'bus 50111dk ligne 10 14.682622 -17.468454 19.2000 69.487037 2 12312900 181116 783893435', '783893435', '2016-11-18', '12:31:30', 'N'),
(475, 'bus 50111dk ligne 10 14.683604 -17.468330 19.0000 58.171318 2 12313500 181116 783893435', '783893435', '2016-11-18', '12:31:38', 'N'),
(476, 'bus 50111dk ligne 10 14.686821 -17.469438 17.7000 53.115360 2 12321000 181116 783893435', '783893435', '2016-11-18', '12:32:12', 'N'),
(477, 'bus 50111dk ligne 10 14.687489 -17.470106 19.9000 55.245162 2 12321700 181116 783893435', '783893435', '2016-11-18', '12:32:18', 'N'),
(478, 'bus 50111dk ligne 10 14.687816 -17.471019 20.6000 46.744476 2 12322400 181116 783893435', '783893435', '2016-11-18', '12:32:25', 'N'),
(479, 'bus 50111dk ligne 10 14.688837 -17.472782 23.1000 46.337039 2 12324800 181116 783893435', '783893435', '2016-11-18', '12:32:50', 'N'),
(480, 'bus 50111dk ligne 10 14.690718 -17.473743 24.4000 37.558559 2 12332000 181116 783893435', '783893435', '2016-11-18', '12:33:23', 'N'),
(481, 'bus 50111dk ligne 10 14.692321 -17.472959 26.2000 36.614040 2 12335100 181116 783893435', '783893435', '2016-11-18', '12:33:53', 'N'),
(482, 'bus 50111dk ligne 10 14.693905 -17.468507 25.9000 40.206920 2 12350300 181116 783893435', '783893435', '2016-11-18', '12:35:06', 'N'),
(483, 'bus 50111dk ligne 10 14.694552 -17.467771 26.9000 45.299922 2 12351200 181116 783893435', '783893435', '2016-11-18', '12:35:13', 'N'),
(484, 'bus 50111dk ligne 10 14.699846 -17.466573 27.3000 39.910598 2 12365300 181116 783893435', '783893435', '2016-11-18', '12:36:55', 'N'),
(485, 'bus 50111dk ligne 10 14.700572 -17.465929 27.4000 38.003040 2 12370200 181116 783893435', '783893435', '2016-11-18', '12:37:09', 'N'),
(486, 'bus 50111dk ligne 10 14.702320 -17.464355 26.7000 40.188400 2 12372800 181116 783893435', '783893435', '2016-11-18', '12:37:32', 'N'),
(487, 'bus 50111dk ligne 10 14.703089 -17.463670 26.8000 37.002960 2 12373800 181116 783893435', '783893435', '2016-11-18', '12:37:39', 'N'),
(488, 'bus 50111dk ligne 10 14.708277 -17.459072 30.6000 39.206840 2 12400800 181116 783893435', '783893435', '2016-11-18', '12:40:09', 'N'),
(489, 'bus 50111dk ligne 10 14.709895 -17.458639 31.2000 35.799160 2 12403900 181116 783893435', '783893435', '2016-11-18', '12:40:41', 'N'),
(490, 'Synchronisation du bus 783893435', '783893435', '2016-11-18', '13:03:05', 'N'),
(491, 'bus 50111dk ligne 10 14.721085 -17.454362 0.0000 24.761240 2 13032500 181116 783893435', '783893435', '2016-11-18', '13:03:24', 'N'),
(492, 'bus 50111dk ligne 10 14.720389 -17.453508 38.7000 14.538200 2 13033100 181116 783893435', '783893435', '2016-11-18', '13:03:30', 'N'),
(493, 'Synchronisation du bus 783893435', '783893435', '2016-11-18', '13:06:24', 'N'),
(494, 'bus 50111dk ligne 10 14.717623 -17.453886 37.6000 0.000000 2 13062600 0 783893435', '783893435', '2016-11-18', '13:06:27', 'N'),
(495, 'bus 50111dk ligne 10 14.717309 -17.453945 37.5000 16.927280 2 13063200 181116 783893435', '783893435', '2016-11-18', '13:06:33', 'N'),
(496, 'Synchronisation du bus 783893435', '783893435', '2016-11-18', '13:11:05', 'N'),
(497, 'bus 50111dk ligne 10 14.711466 -17.459760 0.0000 19.094120 2 13110700 181116 783893435', '783893435', '2016-11-18', '13:11:08', 'N'),
(498, 'bus 50111dk ligne 10 14.711270 -17.459825 32.4000 17.445838 2 13111300 181116 783893435', '783893435', '2016-11-18', '13:11:14', 'N'),
(499, 'bus 50111dk ligne 10 14.710421 -17.459123 31.6000 36.873321 2 13113000 181116 783893435', '783893435', '2016-11-18', '13:11:31', 'N'),
(500, 'bus 50111dk ligne 10 14.709541 -17.458375 30.7000 30.002399 2 13114200 181116 783893435', '783893435', '2016-11-18', '13:11:43', 'N'),
(501, 'bus 50111dk ligne 10 14.708600 -17.458843 29.7000 38.762359 2 13120300 181116 783893435', '783893435', '2016-11-18', '13:12:05', 'N');

-- --------------------------------------------------------

--
-- Structure de la table `smsToSend`
--

CREATE TABLE IF NOT EXISTS `smsToSend` (
  `id_sms` int(11) NOT NULL AUTO_INCREMENT,
  `destination` varchar(15) COLLATE utf8_bin NOT NULL,
  `contenu` text COLLATE utf8_bin NOT NULL,
  `date` date NOT NULL,
  `heure` time NOT NULL,
  `envoye` enum('yes','no') COLLATE utf8_bin NOT NULL DEFAULT 'no',
  PRIMARY KEY (`id_sms`)
) ENGINE=InnoDB DEFAULT CHARSET=utf8 COLLATE=utf8_bin AUTO_INCREMENT=1 ;

/*!40101 SET CHARACTER_SET_CLIENT=@OLD_CHARACTER_SET_CLIENT */;
/*!40101 SET CHARACTER_SET_RESULTS=@OLD_CHARACTER_SET_RESULTS */;
/*!40101 SET COLLATION_CONNECTION=@OLD_COLLATION_CONNECTION */;
